omeg,gam,ras,alpl,kT
11.81052399,0.3346216,32.30588915,0.955565743,0.03790779
12.57258637,0.175153638,14.84366673,0.991908164,0.040180296
16.35882724,0.156279273,30.02737924,0.992358394,0.053977311
15.10453295,0.241463802,53.2295905,0.467180964,0.04979804
13.88182524,0.075525432,13.07027789,0.090605825,0.068794556
10.06535357,0.148017517,19.496589,0.999774745,0.046237259
18.86760468,0.167345325,52.81707145,0.924209118,0.073861126
14.51838831,0.099656451,24.54957473,0.413421325,0.046891199
14.8843781,0.310246673,14.45751486,0.84645748,0.049358318
14.71727273,0.118407995,18.68425147,0.425435802,0.037341052
10.51425407,0.318224317,46.17632041,0.586602793,0.033773956
12.67119091,0.206411737,46.15016464,0.998604178,0.033414211
14.43612529,0.144151504,30.2449954,0.757165855,0.070211235
18.06852754,0.091009513,10.87964828,0.997796568,0.063791142
15.11796404,0.019088463,27.07651324,0.301206105,0.069157413
13.26553504,0.128742051,56.25224415,0.597976759,0.050115097
13.52319894,0.296793595,58.6081001,0.818952184,0.075846035
12.85299311,0.168424394,16.44743827,0.34048398,0.067570999
14.2203006,0.297530893,29.64618918,0.999065362,0.040904333
13.07336423,0.140673478,11.30193895,0.804253144,0.068555845
14.2142971,0.120914509,42.59846723,0.964611822,0.040228438
17.76139898,0.230266802,50.3068693,0.312328647,0.03407273
19.1451634,0.174442811,31.53708871,0.097699574,0.030599531
12.49124774,0.218036325,46.15365681,0.001197034,0.058489356
13.39919489,0.043652434,9.724906335,0.002644179,0.049203324
18.97344953,0.160450858,19.00052184,0.999321365,0.070728452
10.31733676,0.349270894,22.70337675,0.016993769,0.033263991
19.34600124,0.146991655,58.6286039,0.29640119,0.035530106
16.00155207,0.187906585,16.40193253,0.001093322,0.027588575
19.45095161,0.329471364,13.98435219,0.038101512,0.065977053
19.34907789,0.042323285,41.25133627,0.943156493,0.05813611
13.13375042,0.237769693,55.1517515,0.292555873,0.044342533
11.82674886,0.251703671,35.27163586,0.357646111,0.058882093
14.99802017,0.128346365,29.24395355,0.970038793,0.073972535
18.9974352,0.341142731,18.2864027,0.723475962,0.047151022
14.35268466,0.347794288,37.74694412,0.816426516,0.051063726
13.15009945,0.299102357,45.54760641,0.834998437,0.047887973
13.1846209,0.094488346,42.71749814,0.412679082,0.050468334
19.65746159,0.261662071,35.66609833,0.379531732,0.06946069
17.07576499,0.293786231,47.21668537,0.055995448,0.075154015
11.93014463,0.110915254,40.58664332,0.92687558,0.047659222
13.79686584,0.119474002,40.9355518,0.377273198,0.046721481
16.55972859,0.291342418,35.2437147,0.878351314,0.030329147
14.0011722,0.344858739,33.84864679,0.573940369,0.045975371
10.06292347,0.293726288,38.7318236,0.00331084,0.045645335
17.86562017,0.21848344,16.46605874,0.075185619,0.056354183
19.26604392,0.03696215,10.23897964,0.99799574,0.04056647
19.55652211,0.256583389,41.66182383,0.239767477,0.047474247
14.34060718,0.288993563,17.91284221,0.017170314,0.072086887
14.35513081,0.238255375,23.63100562,0.9691029,0.043555747
10.93284372,0.315260545,13.85065473,0.004655978,0.072786267
12.86752754,0.312908332,57.85902835,0.811453057,0.065861869
10.2541863,0.242078245,30.04729907,0.306983097,0.053151545
10.92391206,0.283473273,48.91400079,0.515781244,0.039703438
17.87648602,0.066445143,35.28829389,0.338963615,0.07234783
17.12022216,0.288640403,58.65675585,0.05479122,0.059319624
12.58746285,0.197141877,45.33045631,0.794022907,0.043837774
12.08896785,0.295425189,49.34348114,0.673095623,0.066058415
15.15748489,0.219249082,28.10075153,0.37185367,0.037518618
12.49518985,0.257248013,49.925133,0.640126061,0.071969734
14.57307637,0.140018012,20.12921807,0.942129185,0.068345793
17.52185129,0.115813263,30.24600952,0.462234873,0.071291421
16.39676676,0.214101827,27.69768525,0.000732536,0.049066694
11.94599695,0.314151687,59.6904328,0.941908544,0.071616438
10.49821256,0.328490848,48.01507491,0.000183601,0.028249708
14.58355955,0.303822426,35.81542004,0.209791564,0.054054034
15.97627143,0.125760493,19.43024059,0.04956468,0.067656776
16.28603614,0.214072979,32.54985099,0.002403688,0.05218312
17.79054378,0.209423622,24.94919342,0.013568423,0.063373062
19.67160134,0.291057989,44.47342316,0.941806127,0.049905046
19.94279299,0.155762194,56.06233765,0.355479224,0.072504079
13.51548084,0.088966246,54.43227915,0.034902824,0.068045817
14.68908639,0.273380235,40.8589578,0.874506116,0.03700138
13.01568204,0.237308842,22.59555593,0.336360221,0.040091215
18.27123323,0.061342521,45.72342602,0.876340472,0.053235206
10.43655187,0.125941979,8.8751584,0.999242478,0.055457068
18.34994111,0.016294452,34.56880844,0.998557822,0.074389526
15.40108856,0.34515647,41.34668761,0.295636707,0.042853131
16.02088413,0.060667026,7.139396455,0.603788723,0.053228151
10.25608479,0.218165857,24.59208037,0.536567003,0.073408616
17.35783943,0.090232123,18.02055869,0.999258369,0.073332621
19.71560024,0.258224474,29.95112561,0.95860097,0.069646583
14.05346461,0.214611622,51.87503415,0.067666481,0.066265022
12.28578433,0.348858824,15.26432651,0.99113121,0.034014118
17.06139215,0.144211772,57.32902455,0.818246228,0.039760865
11.941402,0.112119528,53.75620665,0.993359385,0.03775996
15.01510923,0.012349554,32.98776081,0.870545504,0.062038982
16.0666755,0.03530269,47.76360787,0.049915678,0.060393232
19.17347397,0.221659905,40.20407672,0.011433077,0.077250394
11.95496654,0.145754018,49.5317087,0.001246173,0.069992756
17.06667906,0.19118637,15.35258612,0.252170853,0.046822412
10.12230424,0.0488065,22.29320161,0.367517584,0.058084732
18.39778291,0.296882455,55.0896725,0.012055797,0.067217543
13.32453014,0.132104704,57.36459705,0.968545381,0.034014135
12.81091309,0.165720548,33.8585904,0.050722802,0.035960274
13.7951611,0.080558995,45.80132259,0.919112024,0.058880383
17.40412879,0.046568533,18.78078447,0.175675597,0.052723503
18.54159449,0.250468289,19.8963127,0.167766262,0.067810589
12.9660685,0.079949784,23.87513346,0.01647535,0.039410516
10.87650602,0.236779681,49.27476906,0.189881028,0.06515296
15.47222163,0.078202323,22.73498102,0.998479466,0.070756617
10.88860679,0.255162531,47.0173692,0.000231248,0.056166798
18.66447875,0.053360668,28.54493801,0.600945542,0.035291746
11.23804471,0.21991744,35.74747656,0.003387198,0.063385228
19.86679948,0.107778951,23.40673629,0.547990641,0.030145444
11.91541495,0.142499478,6.760173105,0.001253241,0.071729817
13.01370007,0.192369005,30.91375062,0.994970463,0.039321085
17.37041789,0.158327022,24.19962719,0.91644734,0.064497719
19.53166806,0.209137018,17.04957509,0.977365002,0.067339771
18.19867683,0.282824065,20.66120321,0.029868213,0.025919286
10.14160644,0.121840046,24.32285824,0.996675528,0.038521384
17.21084736,0.169994846,23.71568679,0.576890836,0.049458555
15.50331571,0.049393794,53.5890948,0.996958437,0.047634119
16.35194557,0.226916229,32.58135902,0.566144188,0.06634411
18.76547923,0.040304587,43.82384717,0.992963783,0.032814869
16.92548624,0.026777198,54.63922315,0.993554373,0.058351329
12.49738979,0.173167547,31.57328798,0.031743027,0.045794772
15.08924543,0.080258411,50.44412835,0.521500936,0.031711633
19.13984939,0.326166286,40.08776617,0.032883965,0.050534703
13.31682065,0.049161719,46.48741702,0.000230514,0.047836346
15.5817297,0.029860772,23.49854714,0.575700324,0.053271559
12.51299213,0.253872383,10.48881005,0.13846461,0.026470339
11.606227,0.074052957,18.20198734,0.440373092,0.052597034
11.79067417,0.036727678,14.51953468,0.873474759,0.059580924
12.20956589,0.199990227,50.7692056,0.650620738,0.03262875
17.47799845,0.067383581,53.44651455,0.011535184,0.040330117
14.55580411,0.288995126,58.9610184,0.992032785,0.028854292
17.90619393,0.053352639,34.17860452,0.099227539,0.076636611
16.59383063,0.196367124,20.45910551,0.464175974,0.068249005
11.23836356,0.120742395,9.01273227,0.165431449,0.03270485
17.05539503,0.118014076,26.80496761,0.088959139,0.045536256
19.2841949,0.112315757,24.23630357,0.863345,0.048306543
17.55348677,0.154801787,51.1228723,0.998545988,0.049549913
13.47261205,0.165258478,51.99808845,0.920704413,0.054610665
16.33573562,0.236534248,28.72887632,0.854741174,0.030274378
18.77607484,0.198005666,31.12779043,0.004470308,0.041458858
14.79520268,0.220883295,27.05050385,0.039388819,0.036625037
12.73206544,0.103762875,55.11604375,0.395798763,0.070853879
15.89667051,0.25350234,55.635056,0.003144411,0.049056775
18.97831756,0.129742399,47.79843681,0.68433592,0.048302932
19.869333,0.22919627,56.5576817,0.998003983,0.072206541
12.04922635,0.188636966,10.81244378,0.000677178,0.051715013
19.54075612,0.345968005,20.63483485,0.986400914,0.045364075
17.37568843,0.192440452,19.27316326,0.000392771,0.034609291
14.25132964,0.235618096,27.32255439,0.994362317,0.025871968
10.30048017,0.236631222,58.4527569,0.005726883,0.04706348
11.49168672,0.271593713,20.65589511,0.285682711,0.030362201
12.11947293,0.065100646,41.15453745,0.000825904,0.062409848
13.78868246,0.321435114,29.53710316,0.092523084,0.050800987
14.72099436,0.094014739,49.89819201,0.994391153,0.059611322
14.39203784,0.285487227,47.41896044,0.877785294,0.041289549
14.6772381,0.055311106,53.2541456,0.995666149,0.0592536
18.25043774,0.269312027,9.73379416,0.002126485,0.053101839
12.86491542,0.288839305,20.89541999,0.39846761,0.058417614
16.64081559,0.306111634,47.12058587,0.466383743,0.077546302
10.90915392,0.252815953,10.16988673,0.637375347,0.053081567
14.25793612,0.228926123,15.50347313,0.943352955,0.059282672
14.47707402,0.231151806,11.27137767,0.521425242,0.062572359
17.26802621,0.090622878,58.441815,0.947343308,0.071432362
15.08197086,0.16523354,28.52785884,0.817855335,0.026971994
16.76697342,0.237105816,32.79073846,0.990123234,0.058753212
10.29571845,0.248530837,37.17094638,0.920789736,0.028003993
16.10284986,0.076126335,27.68691869,0.481276122,0.035337142
14.56106343,0.322958171,18.60125521,0.011340907,0.040519218
14.90557044,0.309200599,14.43009792,0.985609692,0.070223523
15.15595335,0.20780595,46.65158767,0.075974733,0.040725531
17.33100298,0.030560106,31.548791,0.000787787,0.059428465
19.07402492,0.196211916,16.79060435,0.056915728,0.051314729
14.85766541,0.230578568,18.0583414,0.150197379,0.054383299
16.6081431,0.055655834,58.6529942,0.9767708,0.04412224
11.35942576,0.336669893,48.92372774,0.6882748,0.069119887
10.65077575,0.251251165,30.09559878,0.999089643,0.049972278
13.818632,0.053989389,44.00879588,0.010397151,0.058297471
18.14053947,0.014925253,46.72461085,0.989809262,0.053830487
17.79094586,0.130729052,26.77629946,0.818454975,0.034471096
14.12515985,0.103146786,27.5267871,0.892769902,0.049905602
16.12561147,0.116805373,9.02971256,0.922424348,0.037948107
12.33831805,0.130886666,24.81213691,0.897816695,0.040257626
17.74900548,0.303937743,47.35772107,0.94675104,0.03427938
14.89597347,0.029084685,44.54265499,0.949647021,0.02982636
12.86956717,0.07215159,47.67644641,0.764336021,0.076008176
18.68717409,0.173419902,55.8745343,0.999710949,0.045917226
19.77429325,0.238011239,19.3163568,0.003276649,0.061769045
11.68557362,0.257190605,16.53089102,0.131227596,0.063824112
11.93890666,0.315793826,17.13336653,0.890367923,0.065236366
16.47763133,0.25857073,44.5336976,0.039251317,0.043189008
19.62619017,0.264036098,56.58765365,0.087432807,0.042499708
18.38740787,0.340224407,36.96618148,0.85933505,0.073527362
12.13277814,0.276537439,33.88951528,0.890836426,0.076184157
15.36677126,0.074976644,13.23162791,0.895702054,0.069829217
14.40572482,0.136214726,56.30377395,0.067226074,0.069505658
16.24254293,0.080270852,51.8279202,0.704554604,0.041608939
10.21345274,0.289279849,30.66370701,0.976498917,0.063193655
16.27987906,0.282085608,29.58764908,0.237177654,0.028436204
13.30373897,0.120039504,47.23125369,0.309103733,0.026477064
15.1498206,0.302480619,18.60019036,0.016853315,0.069679072
11.55261329,0.291365026,41.60638116,0.000420922,0.069178976
16.28990872,0.022790307,43.45657406,0.117229312,0.071149382
12.83787074,0.111438266,29.95816694,0.959589784,0.067111919
14.08282247,0.080511685,14.16898914,0.554675102,0.034390478
11.2182794,0.272076777,55.60332455,0.019916341,0.062942329
11.97545225,0.081115955,49.91940098,0.016096681,0.061528338
15.82551555,0.23663964,50.17911175,0.063628465,0.053977743
15.23215537,0.040370961,29.64642178,0.931266957,0.043612049
17.09065715,0.188860062,38.67538637,0.031280522,0.036833301
13.44254513,0.039224309,27.04315497,0.924417657,0.065762699
19.59354334,0.045840822,46.27065497,0.830813389,0.074137622
17.77771489,0.042287338,5.0815988,0.001504388,0.069038853
11.63132465,0.051020154,37.52118811,0.98600315,0.048128305
17.48082625,0.173103117,10.76874076,0.721022873,0.039388186
19.80638463,0.162845205,6.749454285,0.016387726,0.036956423
12.40232829,0.172511516,24.73159549,0.953290391,0.031502631
13.33207618,0.259560625,52.02488405,0.017177267,0.055238379
11.60593162,0.026926716,53.6396284,0.395526046,0.050866784
18.52816364,0.162409667,9.72572361,0.99834974,0.047482454
15.30359927,0.276238716,55.9314096,0.474464833,0.075521336
12.60031248,0.110174225,57.7361059,0.714688621,0.049906955
17.78281174,0.198306395,48.60067274,0.62882215,0.04057884
12.94389298,0.119081527,9.4525061,0.937831494,0.032220654
10.50607578,0.180318674,17.28018262,0.078441276,0.032899384
16.2567957,0.143044602,45.31704919,0.977573396,0.067045189
18.20766209,0.018252131,50.64708835,0.777442644,0.066295607
18.50191677,0.315340276,41.47249866,0.999655648,0.074936688
18.28821742,0.062854406,6.760079835,0.07868043,0.046333672
16.94567072,0.285894066,7.446641645,0.002703778,0.031443676
13.74155099,0.149723512,27.27383643,0.649746254,0.041711424
15.51860921,0.227198795,21.54660154,0.136383206,0.02631178
11.58219224,0.115028211,54.02813125,0.089888291,0.031094303
10.96389011,0.214386598,38.4541635,0.041785026,0.07653588
15.1768923,0.321296892,29.22428344,0.92165587,0.036126828
12.61256858,0.079890803,8.518910385,0.677130794,0.033480581
10.8641159,0.263049678,14.35232148,0.811072338,0.059982131
19.1812295,0.254145043,18.53804146,0.485575352,0.070024857
19.97432311,0.202516733,18.78990141,0.983560787,0.048876467
12.55778645,0.048565121,36.14858356,0.819818554,0.03622374
19.42530961,0.314857741,8.764137445,0.998394698,0.061196871
13.50833391,0.297208791,57.4720699,0.154132053,0.03812909
13.67652997,0.270734074,57.17999295,0.054287919,0.03182578
14.6502664,0.168275916,18.94986698,0.037428062,0.033538963
12.77102601,0.267766022,15.29149378,0.146305229,0.03383676
13.87970137,0.010653789,47.16171986,0.004393324,0.034004568
16.95706351,0.057489704,52.7066025,0.770670919,0.061537589
18.61756974,0.058709849,36.73004689,0.000532027,0.027884539
11.23537807,0.115146898,27.1909278,0.019282639,0.062730449
10.31980173,0.153876802,26.16612162,0.108287395,0.049089946
10.3202397,0.262612437,48.38991443,0.660315303,0.033762312
12.84755102,0.187816292,35.79214848,0.118819895,0.039891236
18.49061344,0.120642499,40.93977451,0.203232151,0.056554434
10.4737416,0.202218078,13.34739443,0.931130274,0.060378284
15.95832589,0.113418498,47.01723972,0.001283699,0.069474173
10.01480387,0.057239832,44.52576263,0.226876594,0.055566802
11.77717083,0.281005382,25.18004179,0.959145637,0.048884999
19.12792053,0.032471825,53.9968401,0.207679595,0.054177494
14.81983422,0.03949515,40.25881078,0.002213756,0.032555552
11.30620762,0.188560413,11.05834814,0.739051924,0.043503875
14.08047669,0.125695668,54.7220072,0.007042823,0.064671477
15.58889487,0.047655884,36.07906985,0.848493556,0.051555567
14.8291514,0.095482791,21.95487129,0.014438588,0.076152659
14.01506748,0.128631645,26.01621356,0.000463115,0.066143416
10.35490433,0.188986693,20.57552798,0.993754146,0.035441935
12.43422211,0.11661773,23.81783262,0.00018675,0.069119926
12.64431984,0.218810648,52.6386314,0.00307902,0.060029975
15.47228207,0.165297201,15.37933971,0.218883052,0.058481896
14.00010218,0.087255181,21.14503793,0.976929382,0.045376901
12.93184388,0.047182308,10.24821535,0.9178039,0.035847294
16.85071581,0.318090843,15.8041787,0.748520135,0.065008442
17.61794949,0.224776463,16.31653816,0.034665496,0.04637533
14.18294506,0.025779822,33.45202915,0.969451036,0.069657009
18.43189942,0.073340537,5.799456305,0.083209733,0.035388233
12.2311582,0.076544995,36.75380743,0.311267909,0.049594057
11.56048383,0.286431072,42.81128762,0.924976027,0.043380669
15.48317919,0.176057113,53.187791,0.453451537,0.027958029
13.01192766,0.132702722,59.0171527,0.970549286,0.050209958
15.28043301,0.097196039,20.36152808,0.620632207,0.041626832
10.57992635,0.332329958,39.6177287,0.999603769,0.0362878
11.91190651,0.325604144,18.87939176,0.527529012,0.050872635
12.2441532,0.253211549,48.81037534,0.101940444,0.034272159
11.96244682,0.180362149,25.01382599,0.400350041,0.070734599
10.73066935,0.318836404,41.61247358,0.007812248,0.073649908
12.97150847,0.203655809,10.69858377,0.746555296,0.037520288
11.95466152,0.097605159,14.54849826,0.149437431,0.068544041
18.38223839,0.023352478,8.304327905,0.343086912,0.07319351
10.49421092,0.114196005,15.11234496,0.889921993,0.057172422
19.46649043,0.26478033,18.41912841,0.813215941,0.051232547
16.59450496,0.178443667,52.91846875,0.00036676,0.041305038
12.38178996,0.274690862,24.4263378,0.338727469,0.062829368
18.6985087,0.101016588,16.18320376,0.000687901,0.037701902
12.98671022,0.330616314,46.43184857,0.003482794,0.055209624
16.49921278,0.32443435,6.511943075,0.05572775,0.043434774
19.28304396,0.258368024,58.4898613,0.628074829,0.059836621
15.39655114,0.287584275,39.70419862,0.870257104,0.030495928
11.51147309,0.148184909,33.18360958,0.237484929,0.06473351
14.51686707,0.273683521,58.97645995,0.001572246,0.03951987
12.9928526,0.27603083,8.75972147,0.039840793,0.038008591
18.84601493,0.073248103,31.02017718,0.04221751,0.029407512
18.51254956,0.179061607,41.61225816,0.002875304,0.06183884
13.34865068,0.111540868,59.303225,0.999727975,0.056171905
19.52186726,0.337542267,59.3868472,0.001527383,0.030107126
19.88208683,0.014936941,36.34490493,0.148642523,0.049708389
10.42354701,0.329711105,31.35696411,0.162998034,0.07443322
14.2438376,0.189440488,17.13518367,0.47031605,0.025942009
12.39855782,0.341997923,29.38456642,0.726244876,0.064576787
10.30209184,0.115566601,29.05427894,0.399090674,0.046173842
15.13675313,0.340571626,23.94730795,0.862919359,0.056166304
14.36663048,0.155220379,9.05650508,0.601066819,0.058067426
12.11375606,0.307637044,58.6485335,0.080852658,0.031606195
14.42224348,0.012804792,46.18649829,0.001054613,0.032966211
15.52993767,0.281632852,26.58709508,0.980131971,0.027678502
18.17087357,0.257692986,10.8586688,0.993224003,0.070683506
15.60761704,0.054110108,25.86162214,0.000919157,0.07465717
19.00706114,0.34875276,43.79378795,0.962724272,0.034710413
14.71269544,0.041494325,27.32796248,0.998225966,0.063959013
13.73636461,0.16844637,34.07675849,0.990991738,0.07689667
12.45477685,0.185820027,48.80799565,0.674351292,0.037232659
12.78069456,0.148971213,34.71496219,0.911093,0.07735871
19.63991955,0.16363839,13.29126152,0.99198866,0.045718863
18.74243877,0.238427695,48.62471938,0.610386454,0.034773505
18.14443949,0.114124074,35.27780829,0.999279294,0.07704829
10.99742897,0.162718012,25.00373553,0.391867434,0.050746953
14.71704498,0.10230426,9.763652235,0.674226778,0.04059024
18.81788907,0.050722606,38.27019861,0.267391391,0.027569112
13.85922074,0.160619502,11.12776023,0.209134977,0.061793649
18.14548469,0.347184184,35.3937649,0.101329142,0.030854838
15.39404798,0.158320691,45.76118932,0.07549382,0.075255396
13.28809436,0.01130485,34.57950474,0.865327089,0.067644927
10.32141552,0.265829935,45.51822367,0.008741683,0.07567568
11.0601864,0.121596456,40.08619696,0.754489173,0.059588551
16.16729214,0.26336783,42.48294894,0.480451944,0.05301017
13.04324275,0.114628736,10.23004381,0.02206372,0.0565224
11.87430548,0.216025071,40.70223384,0.923174819,0.051259894
19.12086452,0.218656621,50.6130109,0.010501461,0.062899431
16.77064739,0.082151071,32.47889314,0.791488076,0.055383791
19.16530083,0.12407207,19.27818969,0.923775473,0.074632946
15.3022408,0.070913661,13.46750691,0.714866699,0.069571283
14.23188223,0.330354891,21.06063686,0.969031796,0.042018256
10.3182718,0.347607627,57.37467985,0.242913423,0.047353471
19.55871807,0.056827034,25.71070773,0.999646898,0.044191676
10.74739657,0.235427072,46.13702562,0.014333417,0.028207306
13.38335021,0.015304021,29.44917098,0.992961712,0.071042381
18.31868551,0.142803229,15.20273348,0.521722084,0.063664931
14.35154699,0.334483795,19.25633756,0.006361661,0.064020334
14.65649692,0.115838716,59.24494035,0.489635673,0.032786268
18.20980698,0.256755713,17.87504602,0.081089927,0.0763403
17.36572891,0.244232158,41.69076851,0.930843704,0.0505512
13.37252583,0.239806941,24.99717273,0.996698826,0.077006813
18.31820183,0.032230899,20.90735449,0.51743249,0.046569808
15.61908216,0.142243137,8.479855985,0.700058915,0.056840062
13.62877208,0.177805907,51.6369625,0.084849547,0.069450809
14.07959912,0.323346298,25.40272141,0.874265888,0.043550022
16.65212919,0.125247842,57.0838059,0.032474125,0.050170004
13.28741282,0.032436678,28.42342407,0.009066531,0.048344295
14.92908819,0.314602672,46.35756844,0.000326414,0.068980787
15.21430064,0.174667377,17.50371151,0.241799971,0.035820458
13.3537629,0.310632643,40.39009706,0.983861344,0.071433304
13.95899852,0.213596792,18.81647264,0.505301097,0.052412514
13.65116828,0.072967437,47.19183597,0.92465643,0.03502035
13.15807103,0.140195747,19.62688414,0.790488715,0.059766964
10.06963987,0.052271043,59.7844617,0.001587225,0.046542482
11.9918227,0.118548121,13.26344619,0.977025153,0.043315229
14.37683697,0.170602225,55.10718925,0.955549518,0.072733593
10.22526622,0.309905623,58.79988595,0.003808775,0.041471621
14.32889959,0.152396852,18.45379169,0.038337572,0.026017676
11.26619933,0.090938266,39.36439713,0.222568655,0.073971223
15.91698128,0.082607942,59.3580133,0.330266323,0.055260089
14.99482039,0.193703175,27.35517,0.620779696,0.067336808
10.4046594,0.268461666,19.75607108,0.951603939,0.076384311
10.38072651,0.037397651,58.1698651,0.005856412,0.041030661
18.04497463,0.036826532,20.87624981,0.912407708,0.056371567
15.27930333,0.040859047,21.49239586,0.938922901,0.07700542
12.115559,0.285927979,54.5518135,0.066629461,0.062300122
15.47429172,0.139878427,40.72687508,0.117429177,0.049972853
15.46949588,0.236128497,25.51445786,0.030245383,0.042422389
18.91014558,0.04099311,11.19988489,0.006010659,0.033336968
14.39163568,0.214210748,32.92516303,0.989193932,0.034543905
17.98237706,0.333248929,45.44471619,0.960852894,0.073830284
13.22860729,0.036008945,44.49413533,0.0073055,0.042788646
16.35382753,0.094645177,31.06643373,0.993915694,0.064618727
19.42870448,0.118223487,45.25806105,0.544137743,0.057330814
10.87994013,0.262642781,27.67833729,0.079295555,0.069516984
17.77035302,0.153937583,28.3429846,0.029923426,0.028426421
15.21428184,0.30034075,41.48094765,0.92682269,0.076775175
18.09199044,0.02085621,20.63789481,0.02772265,0.063820938
14.25606258,0.141213082,5.5280793,0.037766884,0.042418509
17.21031004,0.087236739,36.54816143,0.999173422,0.050179654
19.18747357,0.290635442,50.1872039,0.000453416,0.040055363
19.67394261,0.344180873,35.57186398,0.5411141,0.069719789
14.85233392,0.084896719,9.990995235,0.993333675,0.056064804
14.13013285,0.215594667,38.60520905,0.118744755,0.030842557
16.61975677,0.135868892,40.57557753,0.993440163,0.068211969
14.32920403,0.300109516,59.31857535,0.019113506,0.057776745
12.66980465,0.347516026,48.44614479,0.31614774,0.036537476
19.08306665,0.057814921,43.68278988,0.032086115,0.041532812
11.17509329,0.050625846,56.70777925,0.959521338,0.059144684
10.85896923,0.171130818,39.47258344,0.923243421,0.04780828
11.97093726,0.032756642,35.70416985,0.516248487,0.067801192
13.08388368,0.306592363,16.73048797,0.279096454,0.062541173
19.46738134,0.101145794,50.731799,0.998421194,0.050277669
16.30160344,0.240181468,42.87694583,0.951020787,0.034032034
12.93284806,0.279615714,50.52901755,0.026375494,0.064862796
17.95086493,0.242691377,30.93267838,0.127820891,0.068120255
19.63148757,0.102434858,9.236814,0.029293526,0.07651408
18.15834339,0.14648446,36.23930316,0.896983516,0.03475479
14.40451104,0.225663036,56.4062332,0.980827393,0.032974078
14.44565809,0.270003668,17.5258985,0.116139866,0.061580844
14.33054046,0.277547272,36.10921988,0.939384392,0.065236544
16.77163172,0.333968,28.44032614,0.163401493,0.076584376
18.50464467,0.05918625,51.94158195,0.019294512,0.066911596
17.18153203,0.274920867,25.08722507,0.170220781,0.036245699
18.68405572,0.21558897,16.28171185,0.78562733,0.060943607
13.18976315,0.161116128,58.13462605,0.970279812,0.067948068
18.22736888,0.078707258,48.95025897,0.758771162,0.055451472
12.6399188,0.272171373,51.8513497,0.519503675,0.073028488
16.55092108,0.315062308,15.23526219,0.221033204,0.047707707
16.82393597,0.112593232,35.82905874,0.000886232,0.069212049
15.61647958,0.25222943,26.1079882,0.933836582,0.067932184
19.57088307,0.10526817,33.31360309,0.968150728,0.056993836
17.56988522,0.01395009,19.69103486,0.051877663,0.044294809
13.65621429,0.094322638,41.7545105,0.553103587,0.032087445
13.75466886,0.134419985,19.52077353,0.348088325,0.055573127
13.32508885,0.268074661,38.63676222,0.174918346,0.067155972
19.97424528,0.199610173,27.366211,0.903725571,0.036615666
10.30445747,0.037112227,22.08752867,0.511748849,0.055516879
14.26176517,0.230461951,17.07252098,0.993635307,0.04002005
18.65392461,0.178398896,49.52585355,0.09325611,0.058515843
14.0718993,0.141599339,59.8639043,0.807949804,0.043588715
18.11294317,0.207854772,46.72463309,0.000315804,0.027019436
19.26146587,0.21694673,55.1544229,0.023338558,0.057727882
16.26671865,0.014197136,43.77717079,0.978818275,0.070292878
18.55178289,0.314194904,37.38883706,0.984933283,0.039882412
17.78478565,0.171656358,44.87995367,0.00042306,0.030153182
16.28434069,0.027129772,28.26696839,0.97917637,0.05464183
11.03530222,0.327906472,59.73079495,0.998121048,0.04124548
18.01827814,0.152091665,16.93203814,0.995270796,0.038647897
18.42384788,0.046786425,16.51154294,0.767650654,0.033359382
11.16992547,0.144330076,26.51575402,0.00609688,0.055588015
16.42061833,0.158221542,17.98711913,0.000194205,0.049254001
11.33798575,0.051014057,50.71404565,0.998429054,0.073048524
19.77817774,0.082915292,26.87495869,0.245265358,0.043095832
15.57897131,0.149355934,42.32066648,0.861570045,0.047823406
17.19832051,0.271663521,33.28568342,0.019294445,0.04117757
13.9666009,0.230628869,7.198603975,0.284958796,0.047960673
13.00938148,0.172290396,6.872563745,0.173218641,0.035742309
11.79309109,0.283785661,32.39780517,0.006085341,0.042971348
19.3830805,0.055904872,28.31788473,0.824729726,0.04384824
12.05658622,0.210330265,57.12479085,0.368434645,0.073261599
16.77859967,0.063907126,11.7050546,0.010028861,0.040553561
13.63969089,0.159528746,18.77670945,0.803777921,0.048103921
16.07179126,0.313592377,7.707064815,0.98579926,0.071530879
12.11848122,0.311595031,48.27790207,0.999771799,0.049548081
16.34424523,0.289458647,43.25572427,0.007329433,0.077118622
15.0964005,0.319339767,39.42280224,0.031848779,0.069520979
17.97792473,0.229431869,9.511981585,0.114056489,0.052907134
14.81446844,0.026603277,17.1806695,0.631775171,0.06162928
15.23304299,0.066434853,35.9106529,0.091029653,0.042793596
10.52907682,0.055268493,37.38207355,0.988888321,0.036493769
10.82829429,0.029417523,49.55099178,0.007939165,0.037203217
12.17387238,0.112411266,9.542483095,0.888891432,0.061235131
19.08092045,0.122801639,17.43757905,0.898492438,0.051377438
19.45051475,0.333745682,44.56494976,0.00302774,0.053544539
15.50032707,0.10769447,54.1793406,0.281227612,0.058507571
17.27800647,0.078881643,49.76166265,0.998805987,0.047504951
16.08873047,0.348530359,28.09469256,0.997720482,0.066754397
11.55991606,0.029568292,31.58279394,0.001567611,0.04070261
19.34785943,0.330526137,11.35111891,0.063764005,0.05827349
12.98672373,0.201740553,13.29009967,0.284328716,0.049079868
14.87816901,0.11994393,48.83704921,0.939815881,0.031794735
17.52793522,0.171700349,13.09539086,0.755058822,0.050463056
16.87287006,0.064926341,9.228018215,0.055848577,0.030085188
19.45960516,0.065757839,27.0148139,0.385608115,0.061119983
18.36646959,0.119585515,56.43953965,0.125114939,0.066620241
15.32411558,0.165293924,32.11189077,0.003472134,0.037129448
16.15678469,0.094947066,13.38630056,0.094714233,0.061969311
12.18144563,0.21110468,31.91946552,0.145812666,0.036789894
16.34909003,0.321042983,51.58229355,0.962966854,0.034189108
19.51945628,0.131490912,19.39312209,0.892766794,0.028871074
10.04670783,0.200648322,59.04598295,0.755916082,0.043638353
13.1339374,0.307815358,24.16265391,0.079615861,0.062488662
11.67833243,0.135502354,31.49570891,0.05773237,0.062190717
11.5601167,0.27297695,11.16442725,0.033241769,0.053182221
11.05514487,0.117185949,19.39460887,0.152060832,0.051809245
10.8630512,0.014739202,44.17183708,0.002141149,0.038911829
12.06469841,0.12714963,17.24607031,0.958575465,0.056043166
16.62818593,0.090783443,28.13328982,0.584111485,0.042367716
15.39267337,0.068685844,48.79836436,0.00109869,0.041338077
11.19133062,0.050643591,43.89146125,0.755709493,0.054087106
17.21389826,0.18615798,17.96419725,0.264386779,0.046739767
13.5157069,0.273040061,51.34326035,0.964135468,0.053777871
18.36789311,0.128757646,13.34232245,0.240506335,0.056698827
15.6239413,0.149072573,20.0874506,0.013494365,0.034916005
16.20020575,0.126280592,43.2344944,0.406230399,0.02603819
19.00517461,0.206149531,13.51854234,0.38235353,0.064630817
11.91273509,0.140221879,53.1620588,0.270188924,0.067376466
19.1949385,0.313702359,52.67323685,0.059982826,0.063136772
16.0060482,0.035012874,17.44935114,0.95544726,0.044489689
14.80278286,0.224385087,19.21566673,0.002789816,0.057605577
13.70778595,0.123602419,45.33361425,0.954815864,0.076763138
18.9862788,0.116365541,8.30883899,0.003085894,0.060958907
10.21968465,0.254003201,15.20247325,0.761145636,0.058098322
12.90283966,0.158007628,14.92762645,0.117970391,0.061620235
17.77493681,0.265018891,21.6303772,0.060667672,0.034091478
15.93202619,0.200486497,51.1448355,0.846530234,0.068281928
10.66810746,0.012851767,34.05763359,0.834044555,0.055911018
17.24157976,0.13533855,18.13680115,0.02920251,0.070292213
19.68190315,0.204929878,8.153425675,0.000178574,0.037347427
17.93809352,0.128724602,19.87740659,0.79872391,0.049105853
14.47579769,0.32719284,39.5056323,0.114660091,0.043793243
12.86386077,0.113852014,24.91986255,0.710616531,0.068655389
15.80994001,0.244049615,38.2572714,0.696507428,0.028069794
19.32608719,0.16974271,15.26146038,0.226449424,0.056889376
10.42735349,0.327310522,11.31733157,0.002239812,0.073779025
19.47690411,0.208030629,53.39392985,0.963839608,0.034122215
14.93000631,0.044716401,22.5067102,0.264927129,0.067954661
16.54837374,0.195638018,15.51561237,0.992478253,0.054996087
14.8968721,0.308424971,19.47582936,0.694967019,0.036137186
19.17419169,0.242924995,18.30051275,0.802509043,0.052327519
14.26521056,0.130190313,13.61506569,0.995553263,0.057061727
14.91762785,0.298476426,49.47447002,0.801852818,0.039532194
11.79964684,0.082842057,49.98689893,0.810876524,0.045918626
16.01323977,0.219993814,35.7424421,0.642339577,0.044836
15.95302925,0.125196556,36.66959974,0.963315557,0.027220537
11.05650535,0.191715586,27.85489616,0.456702956,0.042139912
19.95629241,0.053212002,38.57389645,0.064359647,0.076706019
14.03934873,0.121238117,8.253426445,0.001113829,0.050456819
14.44033992,0.168017045,7.47641862,0.809024727,0.06284872
16.43524555,0.061301586,32.07600471,0.598979006,0.051015565
10.15123553,0.154054151,36.98154241,0.70495649,0.077007327
19.2324917,0.089202223,11.02091245,0.962062888,0.062443188
13.83833671,0.217793611,25.54637515,0.99929126,0.059056925
14.35843663,0.033394327,5.39411727,0.224397997,0.039578252
13.93745924,0.16213121,14.87883194,0.992775649,0.048193998
18.98262096,0.09437387,37.31297841,0.783545032,0.056534063
18.25025831,0.282897915,51.55121095,0.977199318,0.06493385
11.15410146,0.125267591,25.61012485,0.031030635,0.030740041
13.85163271,0.278519498,40.33774189,0.054868417,0.048116136
10.25173037,0.279839768,13.37924124,0.082438102,0.063890215
17.66270794,0.031618945,54.25865765,0.110692542,0.030081815
11.36343531,0.099405068,45.07661404,0.000754779,0.072578266
15.88616775,0.208067166,32.50589491,0.003101801,0.070316318
13.33223376,0.168321063,34.7007836,0.19674845,0.0460128
13.36330966,0.125443141,42.10740898,0.62066158,0.053803964
17.98377472,0.111447527,45.19274775,0.974174424,0.077189734
11.8146819,0.030446114,10.54912504,0.491481723,0.076814252
15.10239268,0.133775124,58.8404648,0.662857768,0.044996373
14.98222889,0.037848629,37.95907554,0.99890225,0.030589954
15.0358397,0.108512019,36.53538611,0.984367057,0.06952688
18.37557543,0.274040192,29.71469161,0.528639622,0.067379647
17.83384857,0.146174123,42.71830622,0.77448757,0.041339927
17.56336939,0.278724208,19.23402317,0.471273274,0.050363414
13.11089517,0.125832566,22.70427288,0.543355788,0.039759353
12.27341547,0.025593377,56.0258527,0.121530223,0.053401766
12.50183252,0.014090792,23.96263518,0.999371186,0.057470825
17.46186836,0.180620816,50.32022115,0.049635184,0.050589085
19.20555846,0.093306845,7.704677455,0.991168648,0.072890195
13.99770695,0.287039672,15.16900252,0.95862023,0.034960211
10.11562946,0.339505822,16.29960737,0.99413649,0.027032539
11.37934147,0.292922552,29.26286885,0.488671592,0.03269585
15.08585139,0.183405969,45.33664305,0.999690878,0.061409823
19.55472605,0.09009162,43.86758619,0.011238191,0.05437151
12.47524616,0.093508117,19.8636229,0.047456047,0.057878146
14.66995675,0.261601246,56.05008695,0.015842504,0.067402359
16.5707624,0.024363056,10.07491846,0.995394128,0.027165709
18.3903229,0.203588227,38.43052857,0.219665591,0.068253503
14.75383059,0.188019008,38.84217101,0.998770004,0.047925081
11.30753597,0.037620529,51.6023596,0.951608996,0.066757682
12.55917928,0.275027397,58.2855446,0.957095992,0.032264561
11.20589115,0.283910003,59.9339452,0.925890031,0.041971265
11.26765321,0.071976752,46.3563222,0.998788608,0.033343256
17.45675617,0.03241208,7.94807923,0.542984729,0.074468641
19.82522909,0.088845797,32.0188293,0.964302571,0.037946357
13.79926217,0.075460581,20.45038895,0.491101068,0.069410954
12.08924529,0.187394476,59.8262882,0.01959869,0.046670809
18.96253799,0.084741371,20.93228356,0.234191798,0.041495725
17.80717413,0.276967647,45.02327642,0.966694958,0.055694905
18.36971039,0.060013543,30.92725171,0.99763124,0.064519525
17.83279751,0.020070644,9.399366765,0.004866367,0.029509463
16.89544732,0.090199747,25.9309072,0.555144839,0.04751149
10.623824,0.315116484,51.11830365,0.457237239,0.031399386
11.4434333,0.11986195,55.87614775,0.224172603,0.039481075
12.61669538,0.152340999,46.81374526,0.088753362,0.058192583
14.57448748,0.106052757,36.43702148,0.964534295,0.039319775
18.00028544,0.317196903,54.43838545,0.999557992,0.068736313
12.24847625,0.292047921,25.18920441,0.104537969,0.026662078
19.25902202,0.111813348,7.653296035,0.033975036,0.042310963
15.070733,0.241671282,34.62950682,0.853888225,0.026058624
16.05702318,0.248967697,32.08284762,0.283233404,0.038450563
18.64186545,0.054391431,17.92313641,0.358993752,0.050505327
18.21686888,0.274080184,49.48456744,0.986594726,0.070374091
13.88852144,0.078272728,41.37923696,0.957315754,0.056107995
19.22741758,0.04595491,27.01753207,0.983976889,0.050056393
13.38601919,0.102004241,49.20560292,0.607947528,0.045396827
18.43972995,0.11025787,39.44953851,0.352328313,0.075613729
11.57852192,0.077658087,36.90201564,0.637846867,0.05334188
17.1780212,0.074004007,52.59646255,0.830993285,0.054725694
16.10696837,0.020596547,46.36045151,0.011018453,0.043643463
12.61561131,0.120122696,32.72304827,0.612855928,0.071713452
19.90947994,0.199057427,44.20482993,0.140045721,0.060829242
11.52292154,0.065451265,47.73640181,0.767552956,0.03421573
15.97410953,0.310564536,52.37118575,0.895413205,0.03578514
10.58748507,0.294683822,26.04343981,0.067423364,0.046505928
15.63787107,0.055910361,42.62607712,0.784935336,0.058878091
18.83068917,0.015003739,28.31359108,0.004085914,0.06195748
11.64985269,0.300766388,23.72378353,0.002791181,0.066746564
10.32814843,0.229943409,24.21419333,0.086682384,0.036658333
16.19226358,0.288714784,49.83835132,0.8024395,0.036417213
12.13922001,0.175704362,42.00543159,0.405975817,0.031205794
12.48716318,0.151138135,18.27929092,0.998324685,0.066368875
10.73095511,0.022409944,41.67212778,0.019089396,0.027133775
19.86581647,0.22303341,43.57854128,0.206347492,0.031800277
16.01867153,0.13620043,18.22568946,0.492021453,0.03553205
13.51870258,0.222747626,43.8801593,0.736105114,0.049737331
17.62925764,0.034598914,51.51993125,0.005756883,0.059723066
11.24082351,0.096693233,22.44640724,0.997426434,0.069102331
11.73017149,0.206935832,32.54914179,0.000231577,0.075551866
18.89066196,0.133890204,57.87536275,0.03669619,0.054848179
19.38350387,0.260476963,40.37022168,0.217466572,0.070339146
18.49018051,0.114113012,48.3267999,0.022310429,0.036289103
16.45098889,0.032635865,8.971310885,0.820467368,0.026870811
16.93053116,0.013361701,31.59823983,0.015109538,0.051161848
18.69873543,0.293368464,30.02604279,0.750078479,0.069923574
14.70731918,0.050347502,41.46998161,0.997776371,0.041958936
12.34595935,0.05426569,51.1423778,0.96852856,0.051999685
14.89981427,0.038060529,27.32664576,0.001268776,0.054305928
19.3058592,0.274765283,22.70703591,0.904287201,0.04679815
14.60065293,0.138263677,26.71490181,0.628645572,0.066667745
12.51624946,0.308554113,18.01120348,0.734871631,0.038248611
15.09902888,0.302126152,26.43223706,0.800233815,0.030810857
15.82357992,0.247814072,40.56204798,0.349169975,0.039193641
12.84015374,0.244655179,54.14747715,0.494889918,0.060652324
17.20527413,0.052736887,37.56997978,0.253598209,0.030359394
11.47322074,0.067451211,43.24189899,0.010255165,0.056416193
12.634447,0.301881428,51.210926,0.972595695,0.064988131
12.77753974,0.103410594,30.71803762,0.05909744,0.058151202
15.36384905,0.22801084,40.34600586,0.088539041,0.068794874
19.33903739,0.149523935,54.4318208,0.005867783,0.027415711
17.60475762,0.053893522,27.72085421,0.718194764,0.068411676
13.76989469,0.097052982,35.27416323,0.983692617,0.050665699
10.49001175,0.29267824,36.16880899,0.135745951,0.053964535
11.47041123,0.017591133,8.173358055,0.007108185,0.055713391
11.76829421,0.257838811,38.76074467,0.10633552,0.026758221
10.25826468,0.097313735,15.00593142,0.994245585,0.066503583
19.90426661,0.168762978,47.08729638,0.047119602,0.066392893
15.43514731,0.027076497,42.04261189,0.147307092,0.054307009
19.37557306,0.096818815,25.88748414,0.996148655,0.028942585
16.03697056,0.187446585,8.367019325,0.003219234,0.052222591
13.48906926,0.347895379,50.467175,0.212696721,0.052676769
12.24173107,0.028546137,37.6837808,0.00214593,0.047569735
15.34757847,0.338434409,32.36158842,0.993277828,0.033965306
13.5933136,0.172854757,15.0402963,0.76209471,0.029138429
11.28080476,0.198642742,10.48826176,0.333917645,0.055878878
18.2640043,0.02537359,51.9695056,0.044079487,0.063013
17.0159366,0.012684567,19.99631026,0.994497915,0.04191686
18.68013392,0.034419368,49.14774523,0.999091146,0.040199334
10.0109605,0.041645614,20.95558541,0.166618448,0.05330983
14.03411995,0.177582362,50.6788263,0.948529598,0.045000638
15.58180468,0.055277219,55.13144975,0.148844557,0.052679322
17.73363861,0.017111456,23.784007,0.986660919,0.059611616
15.05455262,0.025628449,42.69434187,0.995276342,0.064380587
11.3460752,0.12336829,21.70110802,0.019044986,0.06266852
18.03125958,0.301641125,9.704523955,0.012874066,0.064748644
18.40627303,0.242379132,46.72637324,0.075671075,0.061318562
11.99177278,0.188524261,58.1128944,0.047497867,0.031126059
16.04481758,0.229043912,8.14228517,0.001245709,0.039010263
10.22842761,0.209023581,21.20166944,0.524854486,0.05874121
13.05847084,0.136462479,13.74576647,0.845233882,0.042048257
19.05476998,0.21476445,57.94835555,0.108354204,0.033980101
16.63367434,0.020329108,59.65434175,0.001604736,0.029890213
11.90824265,0.144019554,34.11809509,0.048201731,0.036067941
10.86303744,0.053185476,59.99115475,0.023381337,0.037710191
18.90888289,0.178959444,56.41581205,0.951832057,0.068896656
18.18999046,0.264966441,29.80567717,0.972092339,0.057745031
13.10333835,0.317090529,11.58776353,0.999533944,0.065893361
11.69899759,0.130599008,46.62668024,0.01123128,0.067826907
14.9455832,0.31501614,32.18657491,0.092248211,0.039323309
14.44110052,0.033575594,59.9662419,0.015875219,0.039827696
14.25500271,0.036447222,31.85169468,0.087268815,0.055150061
12.73381844,0.081438241,34.50936197,0.34820055,0.061339713
15.32882352,0.289886026,41.76430109,0.2745696,0.050450196
10.52072062,0.027984223,18.52817126,0.089018332,0.065507818
14.33641516,0.280873027,12.75642641,0.000630944,0.026090952
16.07206007,0.331291962,52.3584231,0.702296685,0.060226922
12.33756921,0.032206443,13.46512687,0.367744993,0.027299005
13.06370026,0.24556569,56.04313735,0.643875529,0.049203509
17.8395628,0.019831486,40.20135161,0.996813287,0.060679857
11.69743531,0.029115608,58.58258925,0.057298302,0.056374788
17.51737355,0.04117831,7.519630545,0.049825182,0.051911559
15.58004051,0.161229372,15.91555425,0.481773828,0.071404085
13.44427383,0.341170177,20.19997391,0.001617052,0.074371607
16.14575162,0.290167041,43.53504514,0.995280637,0.069433006
14.65235264,0.041345484,59.4341702,0.980384936,0.03931485
13.82440984,0.026063903,15.8199332,0.00018654,0.064285916
14.4496663,0.063904446,57.12089865,0.256064743,0.026809918
19.48360057,0.028122524,39.21967565,0.674895076,0.041794181
12.21603233,0.085769687,29.18491022,0.39379621,0.032076222
11.36784519,0.074983698,48.68593156,0.823943793,0.072308618
12.82559952,0.155077547,19.12573802,0.271501409,0.046568531
16.32515706,0.036925056,15.03321038,0.921445165,0.062307375
13.30309266,0.206782991,44.76507851,0.180210146,0.067057183
19.58685393,0.018538288,44.56250838,0.999703975,0.068628716
11.85003049,0.128359545,46.9047501,0.999083118,0.051990999
14.67801848,0.20000675,42.27415045,0.954363491,0.069324838
16.48281389,0.026056925,33.69996986,0.011208487,0.073672924
15.49852345,0.142382081,23.33954392,0.288747913,0.075118599
11.62320487,0.096866676,38.39682653,0.880194352,0.055596643
17.4289385,0.22785971,13.52769908,0.811857002,0.05397557
18.37792767,0.022087574,43.51328473,0.715868966,0.052046592
11.33742798,0.119865278,5.87311739,0.000600176,0.036093746
16.59780052,0.145248687,21.80804183,0.000259264,0.061448513
16.86311995,0.113188246,29.88526005,0.992796178,0.034175867
17.11009035,0.035673509,19.3964467,0.96699989,0.067458982
11.46261377,0.306479614,10.57859197,0.947165357,0.056600764
15.96492402,0.178931209,22.12353731,0.534946686,0.043982446
15.69118316,0.015870114,30.77572053,0.999325132,0.069607539
18.93952298,0.244115735,43.93560381,0.063251834,0.064304289
19.27013816,0.322365451,50.56530305,0.172101441,0.051706409
18.69552026,0.166265265,56.279011,0.006885065,0.058923859
18.36457947,0.265548798,18.46513818,0.094089703,0.034587447
18.65353268,0.023669565,46.06898633,0.985550978,0.060705756
14.26657678,0.032971404,11.00063705,0.00152852,0.057761723
10.43128523,0.027649328,5.22678701,0.006689447,0.040106017
12.04775689,0.307454519,18.88431107,0.073689811,0.037345597
11.27361568,0.349254553,45.33625805,0.693539734,0.031676295
19.45672089,0.309562555,42.71365955,0.918810601,0.040022728
15.80438349,0.233494351,27.18407347,0.977315954,0.066515552
19.68938172,0.139599707,54.4889573,0.384054909,0.04432097
15.7530128,0.200415471,23.6155162,0.109979039,0.069971724
10.03440918,0.248706467,41.39184531,0.285883209,0.031305305
17.00069937,0.260357251,46.09803664,0.688880689,0.067546946
10.91374468,0.020905542,7.636167125,0.99650276,0.042190492
13.72969526,0.09805609,18.3555655,0.00056293,0.042190444
12.25331774,0.266755458,36.95070708,0.57049339,0.068226156
18.69501111,0.298652803,31.61763617,0.047957846,0.073621297
16.22112129,0.246232307,24.8039566,0.99709773,0.026423296
12.51117216,0.094695728,57.78587405,0.004073409,0.051569681
13.86767311,0.09050674,41.43956665,0.077435592,0.032472594
12.7515235,0.128563498,52.0411292,0.99889418,0.054421065
18.84553739,0.220616187,58.29946565,0.552147059,0.071551947
14.70811011,0.112930949,39.65813428,0.581022006,0.05522128
18.45521393,0.229816575,16.11092517,0.061039812,0.061911616
18.24831526,0.226963639,10.05143016,0.000190013,0.056584037
17.00247049,0.171527775,45.48484499,0.195015512,0.046243892
18.73295686,0.106626877,56.9321358,0.829548495,0.036097078
16.396053,0.011235208,51.3821266,0.829204311,0.066804584
11.14890003,0.252923032,23.98286108,0.131120377,0.074063191
13.25660657,0.229207416,27.74552052,0.009609224,0.073323976
12.27867384,0.157422453,50.9281284,0.537025453,0.044537566
17.76063645,0.01012299,10.35414266,0.97072832,0.063584044
13.65411082,0.276570642,38.60460597,0.02176491,0.074263465
11.64862455,0.325752349,21.25650137,0.046251253,0.056642153
19.96728125,0.319166927,30.08844099,0.104906196,0.052828001
12.54489539,0.234697851,57.8126945,0.41819232,0.047073087
16.4362565,0.329199806,45.89062779,0.445580624,0.052796441
16.65921355,0.118706073,15.10362096,0.98705464,0.062380183
17.82739184,0.339264495,19.6141221,0.014442532,0.062902874
16.51419523,0.139221539,21.31220219,0.650349115,0.048970471
19.61254367,0.115909306,49.63538563,0.955872884,0.026664663
15.20407447,0.073446376,6.307126675,0.965355801,0.066215215
16.65927815,0.02277346,40.1216021,0.992451672,0.046122599
15.09277916,0.054499895,37.45802403,0.957335446,0.030510252
13.46099583,0.108069704,19.11544678,0.337392146,0.037123745
19.89494488,0.343365392,33.83067355,0.308147771,0.052993285
17.66652745,0.037764887,41.74908186,0.869699339,0.04304246
16.83340695,0.064965687,41.04400521,0.001937638,0.061386784
10.03267617,0.31657751,32.21705017,0.9990041,0.039146769
13.59014196,0.085460213,36.62202567,0.924074207,0.051775464
10.37993803,0.272362427,39.17735269,0.776283476,0.05424694
13.03537867,0.326138908,29.6287928,0.039010106,0.045209592
13.03418706,0.169571318,22.35693677,0.005140629,0.073723196
17.06106172,0.248260981,55.0017821,0.090926587,0.036474786
10.46732474,0.045295936,23.33207763,0.011457632,0.063949493
18.81304989,0.031461835,38.04011471,0.993804788,0.035357781
17.60053792,0.101683407,42.8391351,0.02428767,0.036034562
16.61704097,0.311450732,40.08185605,0.269696369,0.027549316
15.46898306,0.180653223,18.66689735,0.059381884,0.066197098
16.54437306,0.115728085,30.29187855,0.879616408,0.039930264
18.90318058,0.087372393,45.14587723,0.647052817,0.057970682
15.99718684,0.210013298,16.89252471,0.965694254,0.064382133
16.54159815,0.075408493,32.38910585,0.15069459,0.054974466
19.6086505,0.144642377,37.85370241,0.515034125,0.044542919
13.40088783,0.021451731,56.6167101,0.8422028,0.026140922
18.52562047,0.020078298,12.45977574,0.000703329,0.02833971
14.89539507,0.334237593,17.55544984,0.00377475,0.052797128
10.91046083,0.187661197,16.30943954,0.579801903,0.06061333
18.17885716,0.195475869,44.97415925,0.058540234,0.064934565
16.51326786,0.074850654,52.15462505,0.721545192,0.044430237
14.56744731,0.02513382,13.72125694,0.959455447,0.066602001
10.16248279,0.060736014,31.67692091,0.605744802,0.048933657
11.63114201,0.075582733,52.12008685,0.987034545,0.068547436
17.35470806,0.164505365,28.48685123,0.416133969,0.05968295
11.14985547,0.195479189,53.52256745,0.8246726,0.053279812
13.73734796,0.304639694,31.36912337,0.173181535,0.074795376
19.87714627,0.276758868,32.83939795,0.960393598,0.056365013
10.63217581,0.158300557,48.30141381,0.284856466,0.03159255
10.5344823,0.241154142,28.94208562,0.969197752,0.051769157
19.5997532,0.304339416,30.58444851,0.050611781,0.069586971
12.05240565,0.280255986,43.63779937,0.537258481,0.035926326
14.59012753,0.328065522,15.52409034,0.996091099,0.040426635
10.24942395,0.121676057,24.32336123,0.229580131,0.060597906
18.93280341,0.12371372,15.17267253,0.011742544,0.057448143
18.23938727,0.295486683,45.3337682,0.000638833,0.032733873
14.96962823,0.311559654,59.7713626,0.607899049,0.070552051
19.97758465,0.066063007,38.33731515,0.767625201,0.035988568
13.76122957,0.072651278,27.24941551,0.084966509,0.070225438
15.18884959,0.040625417,8.021974085,0.078999935,0.049769254
11.10906327,0.346272837,37.81554686,0.432619265,0.035696106
16.78233541,0.203684967,17.43267499,0.493509788,0.074708245
17.50603882,0.298577317,24.18372837,0.065878359,0.076451829
17.23949925,0.200179123,34.59089319,0.998252369,0.067895794
11.34345454,0.141344667,24.84813478,0.013869595,0.077230318
15.43038583,0.010376866,8.544467035,0.01426841,0.031799382
11.38683021,0.189765074,50.98570405,0.765401221,0.060987343
12.91925186,0.067090128,19.52833608,0.665342702,0.043662531
17.35042286,0.308969715,58.33234405,0.308962247,0.077375199
11.05998717,0.192171661,55.5182881,0.880296908,0.050185681
11.74879829,0.074385417,16.92073263,0.310733205,0.07594001
19.14096732,0.079713034,57.4540302,0.173206773,0.04519155
13.08952812,0.293757525,10.28699697,0.228950849,0.068912113
19.37670292,0.349241435,21.23425971,0.948564333,0.06764356
14.31393449,0.219354534,30.1712131,0.653301101,0.055898272
15.43543054,0.19641371,22.55981215,0.421484194,0.055147689
16.08093157,0.118718808,43.24529708,0.995874115,0.027047039
18.45822169,0.20913302,26.67737809,0.972966611,0.035834013
15.20799147,0.032472393,24.82822603,0.00429849,0.027958942
14.72017298,0.290498354,31.93242255,0.716245842,0.052374655
12.33500281,0.193555252,45.23879888,0.002724596,0.040420544
10.44936542,0.060100492,50.0209321,0.011547021,0.029015697
16.22494309,0.204070758,20.28129921,0.167734512,0.034746738
10.65475173,0.188634166,54.65590215,0.05672885,0.075762915
19.88311781,0.228632185,47.15622808,0.002509022,0.031516033
13.95318594,0.269512726,45.40186059,0.004870962,0.064501815
12.82846896,0.114174707,32.81874238,0.118511258,0.073212241
19.56995186,0.266886565,39.29371337,0.172705088,0.029004282
11.32447217,0.349439937,52.4188612,0.311199673,0.049158482
19.01609049,0.01895483,46.78273907,0.148673885,0.037907126
18.25446341,0.301385539,15.78289023,0.933846335,0.057437082
11.19421219,0.179229907,8.126472105,0.04599327,0.046397124
10.73112803,0.102268497,37.78298798,0.952458838,0.056408381
19.45715293,0.245987111,16.81848067,0.002277891,0.031009886
11.34841882,0.188227917,22.65306805,0.007851928,0.031114105
19.66471149,0.241379476,53.18903805,0.128032142,0.056110741
16.73038479,0.227612513,50.06713905,0.450287911,0.029347006
10.68759694,0.335205513,48.91074187,0.961453552,0.062289851
19.02733395,0.262849585,48.28700477,0.836438386,0.04485606
11.07670632,0.06157902,12.18908571,0.184745877,0.073762852
15.09412422,0.250719748,58.15029085,0.552538146,0.062009913
17.97979055,0.161293973,42.8022205,0.030415088,0.041843976
16.3884944,0.222021487,23.79413711,0.68306561,0.061669414
18.23669063,0.203412079,25.29335603,0.491659311,0.048379212
19.62677124,0.160859972,16.92188741,0.877301216,0.075823287
15.26089426,0.175640952,5.828693085,0.273187685,0.046633247
15.81537373,0.267273053,33.5973401,0.021583206,0.033008571
16.07099125,0.142200054,5.68835517,0.844257498,0.074082483
19.00354753,0.253406045,27.1174569,0.001348494,0.039167762
19.2985797,0.138512108,23.6078119,0.672145182,0.069370289
11.5108114,0.015911998,8.74461864,0.07192614,0.064734363
10.53346179,0.152218044,40.60483383,0.971087148,0.036699161
15.85962865,0.099801656,12.45438843,0.939263897,0.040775891
19.24683775,0.018835222,39.08880629,0.70486401,0.075675157
18.21651807,0.071519297,12.45521921,0.0003508,0.038648449
18.96237763,0.136872364,28.65258512,0.000735301,0.031626377
19.1291736,0.11418018,7.439973425,0.995874532,0.055029343
14.00835188,0.224255676,52.07446615,0.997322637,0.064275419
17.70404861,0.133234784,56.84217085,0.389614699,0.06428503
15.35516025,0.311202189,23.88172635,0.31888363,0.063266738
17.45043496,0.116481904,30.2947871,0.002713354,0.034505347
12.29551845,0.220307911,52.9344647,0.092442258,0.041947798
19.57717343,0.135531925,25.56051573,0.626017744,0.056406282
13.98975168,0.072837505,59.55986715,0.163063643,0.072269637
13.00170589,0.261153506,24.14966164,0.036906413,0.067311588
14.07602702,0.134130249,45.29089107,0.003640435,0.05668228
12.78790358,0.228314564,39.26120485,0.129054846,0.065565009
19.00100288,0.191396317,15.23248696,0.177845877,0.038445893
16.2625834,0.145826067,9.794250425,0.997034875,0.04445463
14.41862947,0.181124047,36.68132019,0.001855952,0.032249644
15.00812552,0.298929901,50.7722216,0.980885567,0.057923987
18.37707207,0.076914745,40.21363506,0.730723543,0.052437077
19.82612625,0.07954939,18.64391629,0.058757326,0.050792704
18.96356305,0.015572864,21.52662163,0.131169761,0.071467227
11.61557351,0.158273314,58.43639415,0.43433165,0.074835062
15.99897591,0.221072982,56.84643315,0.014392189,0.033184442
18.54809383,0.11075339,49.27044445,0.661117588,0.051819756
14.71129079,0.114437386,13.55983461,0.24741086,0.075885815
18.61071554,0.086706955,45.05508766,0.600010313,0.05013073
18.77416825,0.177896729,27.39421729,0.578293823,0.035007431
19.53979137,0.335395777,52.5741777,0.881331426,0.068556863
18.76588579,0.222123437,53.15108795,0.986429043,0.075946104
18.84903969,0.071930239,7.68675298,0.450416013,0.047894507
17.12346304,0.330883336,55.41645875,0.258573001,0.043486057
11.8849841,0.285489711,22.1264231,0.774885419,0.043130208
13.92918998,0.231532421,48.87107765,0.001511005,0.046462668
15.14935092,0.254062035,13.6465869,0.992207068,0.032761043
12.77671818,0.155441005,37.76771502,0.331217161,0.037076563
13.65817733,0.270274192,8.12088479,0.926742512,0.069900373
15.66842571,0.239713276,44.86955789,0.98672774,0.069209099
15.25796091,0.23784508,10.96332993,0.984222217,0.070512125
18.27858106,0.33606255,37.31033223,0.379769775,0.043685467
13.08800039,0.18349834,41.71812365,0.656377182,0.046777564
12.53278243,0.118997207,17.58263968,0.003233499,0.05056945
18.94160799,0.127117298,17.77625855,0.086027144,0.037832714
12.34331456,0.055527037,14.09718636,0.345677824,0.075079426
14.64417779,0.124064659,33.88795089,0.522474319,0.058211048
11.92743441,0.153282316,45.0094517,0.030103402,0.071539541
15.51966088,0.164891195,34.39606875,0.157087096,0.036701398
14.39588034,0.119883388,13.83362686,0.124738104,0.055796106
16.93062366,0.140445605,59.9874794,0.999745111,0.057863393
16.74407355,0.042876197,59.12286785,0.979743534,0.043132699
12.35676728,0.243264795,23.71487786,0.000269437,0.060144513
15.41796327,0.056253606,15.64533301,0.974264271,0.048255364
13.71905735,0.310030819,51.50331625,0.888256583,0.077035008
15.71476926,0.286340802,45.49964908,0.191509759,0.036640022
16.24303358,0.254683672,49.09204588,0.10616394,0.074918511
17.48266345,0.107985553,35.57985579,0.087247627,0.05309037
18.56738688,0.172923394,44.79826152,0.602576268,0.028108194
12.90072055,0.055553669,48.62957197,0.874394147,0.05114073
13.82839209,0.039594573,12.89779231,0.23467078,0.039438658
15.34358582,0.317897535,38.50570477,0.000837683,0.045633735
15.21791376,0.31703021,28.0505236,0.00205871,0.035571473
16.97925963,0.063914911,48.54305009,0.000900527,0.063786187
17.04536196,0.100899096,9.846541715,0.054322371,0.065592451
16.08806222,0.335175516,19.4360865,0.116840436,0.056288236
16.95339113,0.042125769,23.89708835,0.192693592,0.026080886
11.06515652,0.014729552,32.97974725,0.283567996,0.061475123
10.6645818,0.284626881,12.69942631,0.611166152,0.031378121
19.32078395,0.068385206,41.97893796,0.230413292,0.064299365
16.31617059,0.120683065,44.58418263,0.002118071,0.077038973
12.70165733,0.160457837,47.17464947,0.978792091,0.067925508
17.01912952,0.114276209,57.5143845,0.827113925,0.050395171
11.44867218,0.073733133,20.63074513,0.893005509,0.037011509
17.59116961,0.041633788,33.16210418,0.943806572,0.032745707
19.2269653,0.320753011,52.04273245,0.983800379,0.066711573
18.82638272,0.06661907,23.87450928,0.545818408,0.05474047
10.66777274,0.309799372,55.80422185,0.820947113,0.034696593
14.16484166,0.274116206,59.6624462,0.860682199,0.068481231
10.36665796,0.23015914,9.485606035,0.023152556,0.04176115
13.84079376,0.302399514,40.26413955,0.950853014,0.032383961
19.2378926,0.096292358,49.93359018,0.056729382,0.0408596
18.74261813,0.241937796,55.02155665,0.998766224,0.074752277
12.41104863,0.269105263,56.19590735,0.88776071,0.042694877
16.33482283,0.349471056,5.492169205,0.003360337,0.077016131
12.61347466,0.020588164,7.910023595,0.000188555,0.061872019
11.62850879,0.335366326,50.9292353,0.033958201,0.045892942
12.04010295,0.269121289,7.416916605,0.276412932,0.059506402
15.59437069,0.182556033,43.49744454,0.000329259,0.062150903
10.39593659,0.160700706,37.88236426,0.558900457,0.054022764
11.73363461,0.086758252,9.682763285,0.665580285,0.026308703
19.37181959,0.041392418,35.46918395,0.151658258,0.047200781
10.68125555,0.268089252,58.9758898,0.974013378,0.039579753
13.840422,0.288461607,49.22660802,0.001611744,0.053037467
11.91003518,0.271150697,9.323927965,0.994060364,0.045753987
10.49000844,0.18602056,58.903252,0.992062451,0.074219039
13.4345721,0.295105695,17.84728517,0.999348637,0.037609638
12.90174887,0.322579098,54.3960781,0.934390989,0.075328317
17.80950723,0.114067405,56.8023021,0.106198183,0.029137158
12.17885853,0.230590064,25.8690661,0.75612985,0.075055351
12.44576135,0.205037492,11.9306561,0.999266216,0.046569009
10.12444339,0.272612377,27.75200672,0.338373035,0.025895247
13.01313272,0.064685556,35.04536125,0.90204553,0.027739713
12.60183178,0.196690127,48.46151355,0.109382941,0.029068751
19.88845753,0.335110924,23.39652524,0.006202947,0.05658605
16.18267287,0.330963214,57.53215095,0.005059974,0.051398293
16.27468984,0.088937862,21.54900736,0.033651246,0.071972542
15.57999021,0.127678585,6.58170136,0.999736723,0.037131472
19.24988728,0.322739751,22.68497073,0.004953983,0.054107435
19.51565419,0.337456616,44.27417986,0.103498078,0.058674148
16.84745154,0.346588626,31.97551402,0.950214055,0.044926083
16.68242224,0.015911671,26.33095491,0.929320166,0.061426556
10.57074591,0.065442399,31.36433076,0.001892461,0.055761681
16.7668168,0.138959461,27.29351667,0.57570225,0.056462166
11.9281319,0.304724985,14.55170595,0.039123935,0.062460304
16.46260989,0.106083783,44.99748432,0.163684751,0.06312791
12.54943627,0.079668734,44.12339485,0.020942324,0.063241952
10.65676679,0.141152626,19.44018264,0.17333104,0.060202449
15.94629373,0.329468653,54.7460508,0.694011044,0.066884109
12.7904691,0.074854202,24.34814711,0.002086752,0.059492089
